product_definition  (14);;;;
;;;;
ID;id;description;formation;frame_of_reference
5;design;;product_definition_formation 6;product_definition_context 9
27;design;;product_definition_formation 28;product_definition_context 31
70;design;;product_definition_formation 71;product_definition_context 74
93;design;;product_definition_formation 94;product_definition_context 97
442;design;;product_definition_formation 443;product_definition_context 446
465;design;;product_definition_formation 466;product_definition_context 469
814;design;;product_definition_formation 815;product_definition_context 818
837;design;;product_definition_formation 838;product_definition_context 841
1186;design;;product_definition_formation 1187;product_definition_context 1190
1209;design;;product_definition_formation 1210;product_definition_context 1213
1558;design;;product_definition_formation 1559;product_definition_context 1562
1581;design;;product_definition_formation 1582;product_definition_context 1585
1930;design;;product_definition_formation 1931;product_definition_context 1934
1953;design;;product_definition_formation 1954;product_definition_context 1957
